"Đại Học An Giang",'TAG',53,2,,,,"2022-04-15 13:43:51","2022-04-15 13:43:51"
"Đại Học Bà Rịa – Vũng Tàu",'BVU',43,2,,,,"2022-04-15 13:43:51","2022-04-15 13:43:51"
"Cao Đẳng Sư Phạm Bà Rịa – Vũng Tàu",'C52',43,1,,,,"2022-04-15 13:43:51","2022-04-15 13:43:51"
"Đại học Nông Lâm Bắc Giang",'DBG',26,2,,,,"2022-04-15 13:43:51","2022-04-15 13:43:51"
"Cao Đẳng Sư Phạm Ngô Gia Tự Bắc Giang",'C18',26,1,,,,"2022-04-15 13:43:51","2022-04-15 13:43:51"
"Cao Đẳng Kỹ Thuật Công Nghiệp",'CCE',26,1,,,,"2022-04-15 13:43:51","2022-04-15 13:43:51"
"Cao Đẳng Cộng Đồng Bắc Kạn",'C11',61,1,,,,"2022-04-15 13:43:51","2022-04-15 13:43:51"
"Đại Học Bạc Liêu",'DBL',52,2,,,,"2022-04-15 13:43:51","2022-04-15 13:43:51"
"Cao Đẳng Y Tế Bạc Liêu",'CYB',52,1,,,,"2022-04-15 13:43:51","2022-04-15 13:43:51"
"Đại Học Công Nghệ Đông Á",'DDA',59,2,,,,"2022-04-15 13:43:51","2022-04-15 13:43:51"
"Đại Học Kỹ Thuật - Hậu Cần Công An Nhân Dân ( Phía Bắc )",'HCB',59,2,,,,"2022-04-15 13:43:51","2022-04-15 13:43:51"
"Đại Học Kỹ Thuật - Hậu Cần Công An Nhân Dân ( Phía Nam )",'HCN',59,2,,,,"2022-04-15 13:43:51","2022-04-15 13:43:51"
"Trường Sĩ Quan Chính Trị - Đại Học Chính Trị",'LCH',59,2,,,,"2022-04-15 13:43:51","2022-04-15 13:43:51"
"Đại Học Thể Dục Thể Thao Bắc Ninh",'TDB',59,2,,,,"2022-04-15 13:43:51","2022-04-15 13:43:51"
"Đại Học Kinh Bắc",'UKB',59,2,,,,"2022-04-15 13:43:51","2022-04-15 13:43:51"
"Cao Đẳng Sư Phạm Bắc Ninh",'C19',59,1,,,,"2022-04-15 13:43:51","2022-04-15 13:43:51"
"Cao Đẳng Ngoại Ngữ – Công Nghệ Việt Nhật",'CNC',59,1,,,,"2022-04-15 13:43:51","2022-04-15 13:43:51"
"Cao Đẳng Thủy Sản",'CSB',59,1,,,,"2022-04-15 13:43:51","2022-04-15 13:43:51"
"Cao Đẳng Thống Kê",'CTE',59,1,,,,"2022-04-15 13:43:51","2022-04-15 13:43:51"
"Cao Đẳng Bến Tre",'C56',44,1,,,,"2022-04-15 13:43:51","2022-04-15 13:43:51"
"Đại Học Bình Dương",'DBD',50,2,,,,"2022-04-15 13:43:51","2022-04-15 13:43:51"
"Đại Học Kinh Tế Kỹ Thuật Bình Dương",'DKB',50,2,,,,"2022-04-15 13:43:51","2022-04-15 13:43:51"
"Đại Học Quốc Tế Miền Đông",'EIU',50,2,,,,"2022-04-15 13:43:51","2022-04-15 13:43:51"
"Trường Sĩ Quan Công Binh - Hệ Quân sự - Đại học Ngô Quyền",'SNH',50,2,,,,"2022-04-15 13:43:51","2022-04-15 13:43:51"
"Đại học Thủ Dầu Một",'TDM',50,2,,,,"2022-04-15 13:43:51","2022-04-15 13:43:51"
"Đại Học Việt Đức",'VGU',50,2,,,,"2022-04-15 13:43:51","2022-04-15 13:43:51"
"Trường Sĩ Quan Công Binh - Hệ Dân sự - Đại học Ngô Quyền",'ZCH',50,2,,,,"2022-04-15 13:43:51","2022-04-15 13:43:51"
"Cao Đẳng Y Tế Bình Dương",'CBY',50,1,,,,"2022-04-15 13:43:51","2022-04-15 13:43:51"
"Đại Học Quy Nhơn",'DQN',65,2,,,,"2022-04-15 13:43:51","2022-04-15 13:43:51"
"Đại Học Quang Trung",'DQT',65,2,,,,"2022-04-15 13:43:51","2022-04-15 13:43:51"
"Cao Đẳng Bình Định",'C37',65,1,,,,"2022-04-15 13:43:51","2022-04-15 13:43:51"
"Cao Đẳng Y Tế Bình Định",'CYR',65,1,,,,"2022-04-15 13:43:51","2022-04-15 13:43:51"
"Cao Đẳng Sư Phạm Bình Phước",'C43',56,1,,,,"2022-04-15 13:43:51","2022-04-15 13:43:51"
"Cao Đẳng Công Nghiệp Cao Su",'CSC',56,1,,,,"2022-04-15 13:43:51","2022-04-15 13:43:51"
"Đại Học Phan Thiết",'DPT',20,2,,,,"2022-04-15 13:43:51","2022-04-15 13:43:51"
"Cao Đẳng Cộng Đồng Bình Thuận",'C47',20,1,,,,"2022-04-15 13:43:51","2022-04-15 13:43:51"
"Cao Đẳng Y Tế Bình Thuận",'CYX',20,1,,,,"2022-04-15 13:43:51","2022-04-15 13:43:51"
"Cao Đẳng Sư Phạm Cà Mau",'C61',30,1,,,,"2022-04-15 13:43:51","2022-04-15 13:43:51"
"Cao Đẳng Y Tế Cà Mau",'CMY',30,1,,,,"2022-04-15 13:43:51","2022-04-15 13:43:51"
"Cao Đẳng Cộng Đồng Cà Mau",'D61',30,1,,,,"2022-04-15 13:43:51","2022-04-15 13:43:51"
"Đại học Nam Cần Thơ",'DNC',12,2,,,,"2022-04-15 13:43:51","2022-04-15 13:43:51"
"Đại Học Tây Đô",'DTD',12,2,,,,"2022-04-15 13:43:51","2022-04-15 13:43:51"
"Đại học Kỹ Thuật Công Nghệ Cần Thơ",'KCC',12,2,,,,"2022-04-15 13:43:51","2022-04-15 13:43:51"
"Đại Học Cần Thơ",'TCT',12,2,,,,"2022-04-15 13:43:51","2022-04-15 13:43:51"
"Đại Học Y Dược Cần Thơ",'YCT',12,2,,,,"2022-04-15 13:43:51","2022-04-15 13:43:51"
"Cao Đẳng Cần Thơ",'C55',12,1,,,,"2022-04-15 13:43:51","2022-04-15 13:43:51"
"Cao Đẳng Kinh Tế – Kỹ Thuật Cần Thơ",'CEC',12,1,,,,"2022-04-15 13:43:51","2022-04-15 13:43:51"
"Cao Đẳng Cơ Điện Và Nông Nghiệp Nam Bộ",'CEN',12,1,,,,"2022-04-15 13:43:51","2022-04-15 13:43:51"
"Cao Đẳng Y Tế Cần Thơ",'CYC',12,1,,,,"2022-04-15 13:43:51","2022-04-15 13:43:51"
"Cao Đẳng Sư Phạm Cao Bằng",'C06',25,1,,,,"2022-04-15 13:43:51","2022-04-15 13:43:51"
"Đại Học Đông Á",'DAD',24,2,,,,"2022-04-15 13:43:51","2022-04-15 13:43:51"
"Đại Học Ngoại Ngữ – Đại Học Đà Nẵng",'DDF',24,2,,,,"2022-04-15 13:43:51","2022-04-15 13:43:51"
"Đại Học Bách Khoa – Đại Học Đà Nẵng",'DDK',24,2,,,,"2022-04-15 13:43:51","2022-04-15 13:43:51"
"Đại Học Kinh Tế – Đại Học Đà Nẵng",'DDQ',24,2,,,,"2022-04-15 13:43:51","2022-04-15 13:43:51"
"Đại Học Sư Phạm – Đại Học Đà Nẵng",'DDS',24,2,,,,"2022-04-15 13:43:51","2022-04-15 13:43:51"
"Đại Học Duy Tân",'DDT',24,2,,,,"2022-04-15 13:43:51","2022-04-15 13:43:51"
"Khoa Y Dược – Đại Học Đà Nẵng",'DDY',24,2,,,,"2022-04-15 13:43:51","2022-04-15 13:43:51"
"Đại Học Kiến Trúc Đà Nẵng",'KTD',24,2,,,,"2022-04-15 13:43:51","2022-04-15 13:43:51"
"Đại Học Thể Dục Thể Thao Đà Nẵng",'TTD',24,2,,,,"2022-04-15 13:43:51","2022-04-15 13:43:51"
"Đại học Kỹ thuật Y Dược Đà Nẵng",'YDN',24,2,,,,"2022-04-15 13:43:51","2022-04-15 13:43:51"
"Cao Đẳng Công Nghệ và Kinh Doanh Việt Tiến",'CCZ',24,1,,,,"2022-04-15 13:43:51","2022-04-15 13:43:51"
"Cao Đẳng Tư Thục Đức Trí",'CDA',24,1,,,,"2022-04-15 13:43:51","2022-04-15 13:43:51"
"Cao Đẳng Dân Lập Kinh Tế Kỹ Thuật Đông Du Đà Nẵng",'CDD',24,1,,,,"2022-04-15 13:43:51","2022-04-15 13:43:51"
"Cao Đẳng Kinh Tế – Kế Hoạch Đà Nẵng",'CDT0407',24,1,,,,"2022-04-15 13:43:51","2022-04-15 13:43:51"
"Cao Đẳng Giao Thông Vận Tải II",'CGD',24,1,,,,"2022-04-15 13:43:51","2022-04-15 13:43:51"
"Cao Đẳng Công Nghệ Thông Tin Hữu Nghị Việt Hàn",'CHV',24,1,,,,"2022-04-15 13:43:51","2022-04-15 13:43:51"
"Cao Đẳng Bách Khoa Đà Nẵng",'CKB',24,1,,,,"2022-04-15 13:43:51","2022-04-15 13:43:51"
"Cao Đẳng Lương Thực Thực Phẩm",'CLT',24,1,,,,"2022-04-15 13:43:51","2022-04-15 13:43:51"
"Cao Đẳng Lạc Việt",'CLV',24,1,,,,"2022-04-15 13:43:51","2022-04-15 13:43:51"
"Cao Đẳng Thương Mại",'CMS',24,1,,,,"2022-04-15 13:43:51","2022-04-15 13:43:51"
"Cao Đẳng Phương Đông – Đà Nẵng",'CPN',24,1,,,,"2022-04-15 13:43:51","2022-04-15 13:43:51"
"Khoa Công Nghệ – Đại Học Đà Nẵng",'DDC',24,2,,,,"2022-04-15 13:43:51","2022-04-15 13:43:51"
"Đại học Công nghệ Thông tin và Truyền thông Việt Hàn - Đại học Đà Nẵng",'VKU',24,2,,,,"2022-04-15 13:43:51","2022-04-15 13:43:51"
"Đại Học Tây Nguyên",'TTN',57,2,,,,"2022-04-15 13:43:51","2022-04-15 13:43:51"
"Cao Đẳng Sư Phạm Đăk Lăk",'C40',57,1,,,,"2022-04-15 13:43:51","2022-04-15 13:43:51"
"Cao Đẳng Văn Hóa Nghệ Thuật Đăk Lăk",'CVL',57,1,,,,"2022-04-15 13:43:51","2022-04-15 13:43:51"
"Cao Đẳng Sư Phạm Điện Biên",'C62',51,1,,,,"2022-04-15 13:43:51","2022-04-15 13:43:51"
"Cao Đẳng Kinh Tế Kỹ Thuật Điện Biên",'CDB',51,1,,,,"2022-04-15 13:43:51","2022-04-15 13:43:51"
"Cao Đẳng Y Tế Điện Biên",'CDY',51,1,,,,"2022-04-15 13:43:51","2022-04-15 13:43:51"
"Đại Học Công Nghệ Đồng Nai",'DCD',48,2,,,,"2022-04-15 13:43:51","2022-04-15 13:43:51"
"Đại Học Lạc Hồng",'DLH',48,2,,,,"2022-04-15 13:43:51","2022-04-15 13:43:51"
"Đại Học Đồng Nai",'DNU',48,2,,,,"2022-04-15 13:43:51","2022-04-15 13:43:51"
"Trường Sĩ Quan Lục Quân 2 - Đại học Nguyễn Huệ",'LBH',48,2,,,,"2022-04-15 13:43:51","2022-04-15 13:43:51"
"Đại Học Lâm Nghiệp ( Cơ sở 2 )",'LNS',48,2,,,,"2022-04-15 13:43:51","2022-04-15 13:43:51"
"Cao Đẳng Mỹ Thuật Trang Trí Đồng Nai",'CDN',48,1,,,,"2022-04-15 13:43:51","2022-04-15 13:43:51"
"Cao Đẳng Công Nghệ và Quản Trị Sonadezi",'CDS',48,1,,,,"2022-04-15 13:43:51","2022-04-15 13:43:51"
"Cao Đẳng Y Tế Đồng Nai",'CYD',48,1,,,,"2022-04-15 13:43:51","2022-04-15 13:43:51"
"Đại Học Đồng Tháp",'SPD',19,2,,,,"2022-04-15 13:43:51","2022-04-15 13:43:51"
"Cao Đẳng Y Tế Đồng Tháp",'CYA',19,1,,,,"2022-04-15 13:43:51","2022-04-15 13:43:51"
"Cao Đẳng Cộng Đồng Đồng Tháp",'D50',19,1,,,,"2022-04-15 13:43:51","2022-04-15 13:43:51"
"Cao Đẳng Sư Phạm Gia Lai",'C38',10,1,,,,"2022-04-15 13:43:51","2022-04-15 13:43:51"
"Cao Đẳng Sư Phạm Hà Giang",'C05',49,1,,,,"2022-04-15 13:43:51","2022-04-15 13:43:51"
"Đại Học Hà Hoa Tiên",'DHH',33,2,,,,"2022-04-15 13:43:51","2022-04-15 13:43:51"
"Cao Đẳng Sư Phạm Hà Nam",'C24',33,1,,,,"2022-04-15 13:43:51","2022-04-15 13:43:51"
"Cao Đẳng Phát Thanh Truyền Hình I",'CPT',33,1,,,,"2022-04-15 13:43:51","2022-04-15 13:43:51"
"Cao Đẳng Thủy Lợi Bắc Bộ",'CTL',33,1,,,,"2022-04-15 13:43:51","2022-04-15 13:43:51"
"Cao Đẳng Y Tế Hà Nam",'CYH',33,1,,,,"2022-04-15 13:43:51","2022-04-15 13:43:51"
"Học Viện An Ninh Nhân Dân",'ANH',42,2,,,,"2022-04-15 13:43:51","2022-04-15 13:43:51"
"Đại Học Bách Khoa Hà Nội",'BKA',42,2,,,,"2022-04-15 13:43:51","2022-04-15 13:43:51"
"Học Viện Biên Phòng",'BPH',42,2,,,,"2022-04-15 13:43:51","2022-04-15 13:43:51"
"Học Viện Công Nghệ Bưu Chính Viễn Thông ( Phía Bắc )",'BVH',42,2,,,,"2022-04-15 13:43:51","2022-04-15 13:43:51"
"Đại Học Công Nghiệp Dệt May Hà Nội",'CCM',42,2,,,,"2022-04-15 13:43:51","2022-04-15 13:43:51"
"Học Viện Cảnh Sát Nhân Dân",'CSH',42,2,,,,"2022-04-15 13:43:51","2022-04-15 13:43:51"
"Đại Học Quốc Tế Bắc Hà",'DBH',42,2,,,,"2022-04-15 13:43:51","2022-04-15 13:43:51"
"Trường Sĩ Quan Đặc Công",'DCH',42,2,,,,"2022-04-15 13:43:51","2022-04-15 13:43:51"
"Đại Học Công Nghiệp Hà Nội",'DCN',42,2,,,,"2022-04-15 13:43:51","2022-04-15 13:43:51"
"Đại Học Công Nghệ và Quản Lý Hữu Nghị",'DCQ',42,2,,,,"2022-04-15 13:43:51","2022-04-15 13:43:51"
"Đại Học Điện Lực",'DDL',42,2,,,,"2022-04-15 13:43:51","2022-04-15 13:43:51"
"Đại Học Đại Nam",'DDN',42,2,,,,"2022-04-15 13:43:51","2022-04-15 13:43:51"
"Đại Học Đông Đô",'DDU',42,2,,,,"2022-04-15 13:43:51","2022-04-15 13:43:51"
"Đại Học Dược Hà Nội",'DKH',42,2,,,,"2022-04-15 13:43:51","2022-04-15 13:43:51"
"Đại Học Kinh Tế Kỹ Thuật Công Nghiệp",'DKK',42,2,,,,"2022-04-15 13:43:51","2022-04-15 13:43:51"
"Đại học Kiểm Sát Hà Nội",'DKS',42,2,,,,"2022-04-15 13:43:51","2022-04-15 13:43:51"
"Đại Học Lao Động – Xã Hội ( Cơ sở Sơn Tây )",'DLT',42,2,,,,"2022-04-15 13:43:51","2022-04-15 13:43:51"
"Đại Học Lao Động – Xã Hội ( Cơ sở Hà Nội )",'DLX',42,2,,,,"2022-04-15 13:43:51","2022-04-15 13:43:51"
"Đại học Tài Nguyên và Môi Trường Hà Nội",'DMT',42,2,,,,"2022-04-15 13:43:51","2022-04-15 13:43:51"
"Học Viện Khoa Học Quân Sự - Hệ Dân sự",'DNH',42,2,,,,"2022-04-15 13:43:51","2022-04-15 13:43:51"
"Đại Học Nội Vụ Hà Nội",'DNV',42,2,,,,"2022-04-15 13:43:51","2022-04-15 13:43:51"
"Đại Học Dân Lập Phương Đông",'DPD',42,2,,,,"2022-04-15 13:43:51","2022-04-15 13:43:51"
"Học Viện Kỹ Thuật Quân Sự - Hệ Dân sự",'DQH',42,2,,,,"2022-04-15 13:43:51","2022-04-15 13:43:51"
"Đại Học Kinh Doanh và Công Nghệ Hà Nội",'DQK',42,2,,,,"2022-04-15 13:43:51","2022-04-15 13:43:51"
"Đại Học Thăng Long",'DTL',42,2,,,,"2022-04-15 13:43:51","2022-04-15 13:43:51"
"Học Viện Quân Y - Hệ Dân sự",'DYH',42,2,,,,"2022-04-15 13:43:51","2022-04-15 13:43:51"
"Đại Học Hòa Bình",'ETU',42,2,,,,"2022-04-15 13:43:51","2022-04-15 13:43:51"
"Đại Học Tài Chính Ngân Hàng Hà Nội",'FBU',42,2,,,,"2022-04-15 13:43:51","2022-04-15 13:43:51"
"Đại Học FPT",'FPT',42,2,,,,"2022-04-15 13:43:51","2022-04-15 13:43:51"
"Đại Học Giao Thông Vận Tải ( Cơ sở Phía Bắc )",'GHA',42,2,,,,"2022-04-15 13:43:51","2022-04-15 13:43:51"
"Đại Học Sư Phạm Nghệ Thuật Trung Ương",'GNT',42,2,,,,"2022-04-15 13:43:51","2022-04-15 13:43:51"
"Đại học Công nghệ Giao thông vận tải",'GTA',42,2,,,,"2022-04-15 13:43:51","2022-04-15 13:43:51"
"Học Viện Báo Chí – Tuyên Truyền",'HBT',42,2,,,,"2022-04-15 13:43:51","2022-04-15 13:43:51"
"Học Viện Hành Chính Quốc Gia ( phía Bắc )",'HCH',42,2,,,,"2022-04-15 13:43:51","2022-04-15 13:43:51"
"Học Viện Chính Sách và Phát Triển",'HCP',42,2,,,,"2022-04-15 13:43:51","2022-04-15 13:43:51"
"Trường Sĩ Quan Phòng Hóa",'HGH',42,2,,,,"2022-04-15 13:43:51","2022-04-15 13:43:51"
"Đại học Thủ Đô Hà Nội",'HNM',42,2,,,,"2022-04-15 13:43:51","2022-04-15 13:43:51"
"Học Viện Ngoại Giao",'HQT',42,2,,,,"2022-04-15 13:43:51","2022-04-15 13:43:51"
"Học Viện Tài Chính",'HTC',42,2,,,,"2022-04-15 13:43:51","2022-04-15 13:43:51"
"Học Viện Thanh Thiếu Niên Việt Nam",'HTN',42,2,,,,"2022-04-15 13:43:51","2022-04-15 13:43:51"
"Học Viện Quản Lý Giáo Dục",'HVQ',42,2,,,,"2022-04-15 13:43:51","2022-04-15 13:43:51"
"Học Viện Y Dược Học Cổ Truyền Việt Nam",'HYD',42,2,,,,"2022-04-15 13:43:51","2022-04-15 13:43:51"
"Đại Học Khoa Học Và Công Nghệ Hà Nội",'KCN',42,2,,,,"2022-04-15 13:43:51","2022-04-15 13:43:51"
"Đại Học Kinh Tế Quốc Dân",'KHA',42,2,,,,"2022-04-15 13:43:51","2022-04-15 13:43:51"
"Học Viện Kỹ Thuật Mật Mã",'KMA',42,2,,,,"2022-04-15 13:43:51","2022-04-15 13:43:51"
"Học Viện Kỹ Thuật Quân Sự - Hệ Quân sự",'KQH',42,2,,,,"2022-04-15 13:43:51","2022-04-15 13:43:51"
"Đại Học Kiến Trúc Hà Nội",'KTA',42,2,,,,"2022-04-15 13:43:51","2022-04-15 13:43:51"
"Trường Sĩ Quan Lục Quân 1 - Đại học Trần Quốc Tuấn",'LAH',42,2,,,,"2022-04-15 13:43:51","2022-04-15 13:43:51"
"Đại Học Công Đoàn",'LDA',42,2,,,,"2022-04-15 13:43:51","2022-04-15 13:43:51"
"Đại Học Lâm Nghiệp ( Cơ sở 1 )",'LNH',42,2,,,,"2022-04-15 13:43:51","2022-04-15 13:43:51"
"Đại Học Luật Hà Nội",'LPH',42,2,,,,"2022-04-15 13:43:51","2022-04-15 13:43:51"
"Đại Học Mỏ Địa Chất",'MDA',42,2,,,,"2022-04-15 13:43:51","2022-04-15 13:43:51"
"Viện Đại Học Mở Hà Nội",'MHN',42,2,,,,"2022-04-15 13:43:51","2022-04-15 13:43:51"
"Đại Học Mỹ Thuật Công Nghiệp",'MTC',42,2,,,,"2022-04-15 13:43:51","2022-04-15 13:43:51"
"Đại Học Mỹ Thuật Việt Nam",'MTH',42,2,,,,"2022-04-15 13:43:51","2022-04-15 13:43:51"
"Đại Học Hà Nội",'NHF',42,2,,,,"2022-04-15 13:43:51","2022-04-15 13:43:51"
"Học Viện Ngân Hàng",'NHH',42,2,,,,"2022-04-15 13:43:51","2022-04-15 13:43:51"
"Đại Học Ngoại Thương ( Cơ sở phía Bắc )",'NTH',42,2,,,,"2022-04-15 13:43:51","2022-04-15 13:43:51"
"Đại Học Nguyễn Trãi",'NTU',42,2,,,,"2022-04-15 13:43:51","2022-04-15 13:43:51"
"Học Viện Âm Nhạc Quốc Gia Việt Nam",'NVH',42,2,,,,"2022-04-15 13:43:51","2022-04-15 13:43:51"
"Trường Sĩ Quan Pháo Binh",'PBH',42,2,,,,"2022-04-15 13:43:51","2022-04-15 13:43:51"
"Đại Học Phòng Cháy Chữa Cháy ( Phía Bắc )",'PCH',42,2,,,,"2022-04-15 13:43:51","2022-04-15 13:43:51"
"Đại Học Phòng Cháy Chữa Cháy ( Hệ Dân sự Phía Bắc )",'PCH1',42,2,,,,"2022-04-15 13:43:51","2022-04-15 13:43:51"
"Đại Học Phenikaa",'PKA',42,2,,,,"2022-04-15 13:43:51","2022-04-15 13:43:51"
"Học Viện Phòng Không – Không Quân",'PKH',42,2,,,,"2022-04-15 13:43:51","2022-04-15 13:43:51"
"Đại Học Dầu Khí Việt Nam",'PVU',42,2,,,,"2022-04-15 13:43:51","2022-04-15 13:43:51"
"Đại Học Kinh Tế – Đại Học Quốc Gia Hà Nội",'QHE',42,2,,,,"2022-04-15 13:43:51","2022-04-15 13:43:51"
"Đại Học Ngoại Ngữ – Đại Học Quốc Gia Hà Nội",'QHF',42,2,,,,"2022-04-15 13:43:51","2022-04-15 13:43:51"
"Đại Học Công Nghệ – Đại Học Quốc Gia Hà Nội",'QHI',42,2,,,,"2022-04-15 13:43:51","2022-04-15 13:43:51"
"Khoa Luật – Đại Học Quốc Gia Hà Nội",'QHL',42,2,,,,"2022-04-15 13:43:51","2022-04-15 13:43:51"
"Trường Quốc Tế – Đại Học Quốc Gia Hà Nội",'QHQ',42,2,,,,"2022-04-15 13:43:51","2022-04-15 13:43:51"
"Đại Học Giáo Dục - Đại học Quốc Gia Hà Nội",'QHS',42,2,,,,"2022-04-15 13:43:51","2022-04-15 13:43:51"
"Đại Học Khoa Học Tự Nhiên – Đại Học Quốc Gia Hà Nội",'QHT',42,2,,,,"2022-04-15 13:43:51","2022-04-15 13:43:51"
"Đại Học Khoa Học Xã Hội và Nhân Văn – Đại Học Quốc Gia Hà Nội",'QHX',42,2,,,,"2022-04-15 13:43:51","2022-04-15 13:43:51"
"Đại học Y Dược - Đại học Quốc Gia Hà Nội",'QHY',42,2,,,,"2022-04-15 13:43:51","2022-04-15 13:43:51"
"Đại Học Răng – Hàm – Mặt",'RHM',42,2,,,,"2022-04-15 13:43:51","2022-04-15 13:43:51"
"Đại Học Quốc Tế RMIT Việt Nam",'RMU',42,2,,,,"2022-04-15 13:43:51","2022-04-15 13:43:51"
"Đại Học Sân Khấu Điện Ảnh Hà Nội",'SKD',42,2,,,,"2022-04-15 13:43:51","2022-04-15 13:43:51"
"Đại Học Sư Phạm Hà Nội",'SPH',42,2,,,,"2022-04-15 13:43:51","2022-04-15 13:43:51"
"Đại học Thành Đô",'TDD',42,2,,,,"2022-04-15 13:43:51","2022-04-15 13:43:51"
"Đại Học Sư Phạm Thể Dục Thể Thao Hà Nội",'TDH',42,2,,,,"2022-04-15 13:43:51","2022-04-15 13:43:51"
"Đại Học Thủy Lợi ( Cơ sở 1 )",'TLA',42,2,,,,"2022-04-15 13:43:51","2022-04-15 13:43:51"
"Đại Học Thương Mại",'TMA',42,2,,,,"2022-04-15 13:43:51","2022-04-15 13:43:51"
"Đại Học Công Nghiệp Việt Hung",'VHD',42,2,,,,"2022-04-15 13:43:51","2022-04-15 13:43:51"
"Đại Học Văn Hóa Hà Nội",'VHH',42,2,,,,"2022-04-15 13:43:51","2022-04-15 13:43:51"
"Đại học Việt Nhật - Đại học Quốc gia Hà Nội",'VJU',42,2,,,,"2022-04-15 13:43:51","2022-04-15 13:43:51"
"Đại Học Xây Dựng Hà Nội",'XDA',42,2,,,,"2022-04-15 13:43:51","2022-04-15 13:43:51"
"Đại Học Y Hà Nội",'YHB',42,2,,,,"2022-04-15 13:43:51","2022-04-15 13:43:51"
"Học Viện Quân Y - Hệ Quân sự",'YQH',42,2,,,,"2022-04-15 13:43:51","2022-04-15 13:43:51"
"Đại Học Y Tế Công Cộng",'YTC',42,2,,,,"2022-04-15 13:43:51","2022-04-15 13:43:51"
"Đại Học Văn Hóa – Nghệ Thuật Quân Đội",'ZNH',42,2,,,,"2022-04-15 13:43:51","2022-04-15 13:43:51"
"Cao Đẳng Sư Phạm Hà Tây",'C20',42,1,,,,"2022-04-15 13:43:51","2022-04-15 13:43:51"
"Cao Đẳng Công Nghệ và Thương Mại Hà Nội",'CBT',42,1,,,,"2022-04-15 13:43:51","2022-04-15 13:43:51"
"Cao Đẳng Công Nghiệp In",'CCI',42,1,,,,"2022-04-15 13:43:51","2022-04-15 13:43:51"
"Cao Đẳng Kinh Tế Công Nghiệp Hà Nội",'CCK',42,1,,,,"2022-04-15 13:43:51","2022-04-15 13:43:51"
"Cao Đẳng Du Lịch Hà Nội",'CDH',42,1,,,,"2022-04-15 13:43:51","2022-04-15 13:43:51"
"Cao Đẳng Xây Dựng Công Trình Đô Thị",'CDT',42,1,,,,"2022-04-15 13:43:51","2022-04-15 13:43:51"
"Cao Đẳng Truyền Hình",'CDT0131',42,1,,,,"2022-04-15 13:43:51","2022-04-15 13:43:51"
"Cao Đẳng Đại Việt",'CEO',42,1,,,,"2022-04-15 13:43:51","2022-04-15 13:43:51"
"Cao Đẳng Công Nghệ Và Kinh Tế Hà Nội",'CHK',42,1,,,,"2022-04-15 13:43:51","2022-04-15 13:43:51"
"Cao Đẳng Cộng Đồng Hà Nội",'CHN',42,1,,,,"2022-04-15 13:43:51","2022-04-15 13:43:51"
"Cao Đẳng Kinh Tế – Kỹ Thuật Hà Nội",'CKN',42,1,,,,"2022-04-15 13:43:51","2022-04-15 13:43:51"
"Cao Đẳng Điện Tử - Điện Lạnh Hà Nội",'CLH',42,1,,,,"2022-04-15 13:43:51","2022-04-15 13:43:51"
"Cao Đẳng Sư Phạm Trung Ương",'CM1',42,1,,,,"2022-04-15 13:43:51","2022-04-15 13:43:51"
"Cao Đẳng Thương Mại Và Du Lịch Hà Nội",'CMD',42,1,,,,"2022-04-15 13:43:51","2022-04-15 13:43:51"
"Cao Đẳng Múa Việt Nam",'CMH',42,1,,,,"2022-04-15 13:43:51","2022-04-15 13:43:51"
"Cao Đẳng Công Nghệ Hà Nội",'CNH',42,1,,,,"2022-04-15 13:43:51","2022-04-15 13:43:51"
"Cao Đẳng Nông Nghiệp và Phát Triển Nông Thôn Bắc Bộ",'CNP',42,1,,,,"2022-04-15 13:43:51","2022-04-15 13:43:51"
"Cao Đẳng Nghệ Thuật Hà Nội",'CNT',42,1,,,,"2022-04-15 13:43:51","2022-04-15 13:43:51"
"Cao Đẳng Công Nghệ Và Kỹ Thuật Ô Tô",'COT',42,1,,,,"2022-04-15 13:43:51","2022-04-15 13:43:51"
"Cao Đẳng Kinh Tế – Kỹ Thuật Thương Mại",'CTH',42,1,,,,"2022-04-15 13:43:51","2022-04-15 13:43:51"
"Cao Đẳng Kinh Tế - Kỹ Thuật Trung Ương",'CTW',42,1,,,,"2022-04-15 13:43:51","2022-04-15 13:43:51"
"Cao Đẳng Xây Dựng Số 1",'CXH',42,1,,,,"2022-04-15 13:43:51","2022-04-15 13:43:51"
"Cao Đẳng Y Tế Hà Đông",'CYM',42,1,,,,"2022-04-15 13:43:51","2022-04-15 13:43:51"
"Cao Đẳng Y Tế Hà Nội",'CYZ',42,1,,,,"2022-04-15 13:43:51","2022-04-15 13:43:51"
"Cao Đẳng Cộng Đồng Hà Tây",'D20',42,1,,,,"2022-04-15 13:43:51","2022-04-15 13:43:51"
"Đại Học Hà Tĩnh",'HHT',15,2,,,,"2022-04-15 13:43:51","2022-04-15 13:43:51"
"Cao đẳng Văn Hóa, Thể Thao Và Du Lịch Nguyễn Du",'CVH',15,2,,,,"2022-04-15 13:43:51","2022-04-15 13:43:51"
"Cao Đẳng Y Tế Hà Tĩnh",'CYN',15,1,,,,"2022-04-15 13:43:51","2022-04-15 13:43:51"
"Đại Học Thành Đông",'DDB',34,2,,,,"2022-04-15 13:43:51","2022-04-15 13:43:51"
"Đại Học Hải Dương",'DKT',34,2,,,,"2022-04-15 13:43:51","2022-04-15 13:43:51"
"Đại Học Kỹ Thuật Y Tế Hải Dương",'DKY',34,2,,,,"2022-04-15 13:43:51","2022-04-15 13:43:51"
"Đại học Sao Đỏ",'SDU',34,2,,,,"2022-04-15 13:43:51","2022-04-15 13:43:51"
"Cao Đẳng Hải Dương",'C21',34,1,,,,"2022-04-15 13:43:51","2022-04-15 13:43:51"
"Cao Đẳng Du Lịch và Thương Mại",'CKS',34,1,,,,"2022-04-15 13:43:51","2022-04-15 13:43:51"
"Cao Đẳng Dược Trung Ương",'CYS',34,1,,,,"2022-04-15 13:43:51","2022-04-15 13:43:51"
"Đại học Quản lý và Công nghệ Hải Phòng",'DHP',28,2,,,,"2022-04-15 13:43:51","2022-04-15 13:43:51"
"Đại Học Hàng Hải Việt Nam",'HHA',28,2,,,,"2022-04-15 13:43:51","2022-04-15 13:43:51"
"Đại Học Hải Phòng",'THP',28,2,,,,"2022-04-15 13:43:51","2022-04-15 13:43:51"
"Đại Học Y Dược Hải Phòng",'YPB',28,2,,,,"2022-04-15 13:43:51","2022-04-15 13:43:51"
"Cao Đẳng Hàng Hải I",'CHH',28,1,,,,"2022-04-15 13:43:51","2022-04-15 13:43:51"
"Cao Đẳng Công Nghệ Viettronics",'CVT',28,1,,,,"2022-04-15 13:43:51","2022-04-15 13:43:51"
"Cao Đẳng Y Tế Hải Phòng",'CYF',28,1,,,,"2022-04-15 13:43:51","2022-04-15 13:43:51"
"Cao Đẳng Cộng Đồng Hải Phòng",'D03',28,1,,,,"2022-04-15 13:43:51","2022-04-15 13:43:51"
"Đại Học Võ Trường Toản",'VTT',4,2,,,,"2022-04-15 13:43:51","2022-04-15 13:43:51"
"Cao Đẳng Cộng Đồng Hậu Giang",'D64',4,1,,,,"2022-04-15 13:43:51","2022-04-15 13:43:51"
"Đại Học An Ninh Nhân Dân",'ANS',23,2,,,,"2022-04-15 13:43:51","2022-04-15 13:43:51"
"Học Viện Công Nghệ Bưu Chính Viễn Thông (phía Nam)",'BVS',23,2,,,,"2022-04-15 13:43:51","2022-04-15 13:43:51"
"Đại Học Cảnh Sát Nhân Dân",'CSS',23,2,,,,"2022-04-15 13:43:51","2022-04-15 13:43:51"
"Đại Học Công Nghiệp Thực Phẩm TPHCM",'DCT',23,2,,,,"2022-04-15 13:43:51","2022-04-15 13:43:51"
"Đại học Công Nghệ TPHCM",'DKC',23,2,,,,"2022-04-15 13:43:51","2022-04-15 13:43:51"
"Đại Học Lao Động – Xã Hội ( Cơ sở phía Nam)",'DLS',23,2,,,,"2022-04-15 13:43:51","2022-04-15 13:43:51"
"Đại Học Tài Chính Marketing",'DMS',23,2,,,,"2022-04-15 13:43:51","2022-04-15 13:43:51"
"Đại Học Ngoại Ngữ Tin Học TPHCM",'DNT',23,2,,,,"2022-04-15 13:43:51","2022-04-15 13:43:51"
"Đại Học Sân Khấu Điện Ảnh TPHCM",'DSD',23,2,,,,"2022-04-15 13:43:51","2022-04-15 13:43:51"
"Đại Học Công Nghệ Sài Gòn",'DSG',23,2,,,,"2022-04-15 13:43:51","2022-04-15 13:43:51"
"ĐH Tài Nguyên môi trường TPHCM",'DTM',23,2,,,,"2022-04-15 13:43:51","2022-04-15 13:43:51"
"Đại Học Tôn Đức Thắng",'DTT',23,2,,,,"2022-04-15 13:43:51","2022-04-15 13:43:51"
"Đại Học Văn Hiến",'DVH',23,2,,,,"2022-04-15 13:43:51","2022-04-15 13:43:51"
"Đại Học Văn Lang",'DVL',23,2,,,,"2022-04-15 13:43:51","2022-04-15 13:43:51"
"Đại Học Gia Định",'GDU',23,2,,,,"2022-04-15 13:43:51","2022-04-15 13:43:51"
"Đại Học Giao Thông Vận Tải ( Cơ sở Phía Nam)",'GSA',23,2,,,,"2022-04-15 13:43:51","2022-04-15 13:43:51"
"Đại Học Giao Thông Vận Tải TPHCM",'GTS',23,2,,,,"2022-04-15 13:43:51","2022-04-15 13:43:51"
"Học Viện Hành Chính Quốc Gia (phía Nam)",'HCS',23,2,,,,"2022-04-15 13:43:51","2022-04-15 13:43:51"
"Học Viện Hàng Không Việt Nam",'HHK',23,2,,,,"2022-04-15 13:43:51","2022-04-15 13:43:51"
"Đại Học Quốc Tế Hồng Bàng",'HIU',23,2,,,,"2022-04-15 13:43:51","2022-04-15 13:43:51"
"Đại Học Hoa Sen",'HSU',23,2,,,,"2022-04-15 13:43:51","2022-04-15 13:43:51"
"Đại Học Công Nghiệp TPHCM",'IUH',23,2,,,,"2022-04-15 13:43:51","2022-04-15 13:43:51"
"Đại Học Kinh Tế TPHCM",'KSA',23,2,,,,"2022-04-15 13:43:51","2022-04-15 13:43:51"
"Đại Học Kiến Trúc TPHCM",'KTS',23,2,,,,"2022-04-15 13:43:51","2022-04-15 13:43:51"
"Đại Học Luật TPHCM",'LPS',23,2,,,,"2022-04-15 13:43:51","2022-04-15 13:43:51"
"Đại Học Mở TPHCM",'MBS',23,2,,,,"2022-04-15 13:43:51","2022-04-15 13:43:51"
"Đại Học Mỹ Thuật TPHCM",'MTS',23,2,,,,"2022-04-15 13:43:51","2022-04-15 13:43:51"
"Đại Học Ngân Hàng TPHCM",'NHS',23,2,,,,"2022-04-15 13:43:51","2022-04-15 13:43:51"
"Đại Học Nông Lâm TPHCM",'NLS',23,2,,,,"2022-04-15 13:43:51","2022-04-15 13:43:51"
"Đại Học Ngoại Thương (phía Nam)",'NTS',23,2,,,,"2022-04-15 13:43:51","2022-04-15 13:43:51"
"Đại Học Nguyễn Tất Thành",'NTT',23,2,,,,"2022-04-15 13:43:51","2022-04-15 13:43:51"
"Nhạc Viện TPHCM",'NVS',23,2,,,,"2022-04-15 13:43:51","2022-04-15 13:43:51"
"Đại Học Phòng Cháy Chữa Cháy (phía Nam)",'PCS',23,2,,,,"2022-04-15 13:43:51","2022-04-15 13:43:51"
"Đại Học Phòng Cháy Chữa Cháy (Hệ Dân sự Phía Nam)",'PCS1',23,2,,,,"2022-04-15 13:43:51","2022-04-15 13:43:51"
"Đại Học Bách Khoa – Đại Học Quốc Gia TPHCM",'QSB',23,2,,,,"2022-04-15 13:43:51","2022-04-15 13:43:51"
"Đại Học Công Nghệ Thông Tin – Đại Học Quốc Gia TPHCM",'QSC',23,2,,,,"2022-04-15 13:43:51","2022-04-15 13:43:51"
"Đại học Kinh Tế Luật – Đại Học Quốc Gia TPHCM",'QSK',23,2,,,,"2022-04-15 13:43:51","2022-04-15 13:43:51"
"Đại Học Quốc Tế – Đại Học Quốc Gia TPHCM",'QSQ',23,2,,,,"2022-04-15 13:43:51","2022-04-15 13:43:51"
"Đại Học Khoa Học Tự Nhiên – Đại Học Quốc Gia TPHCM",'QST',23,2,,,,"2022-04-15 13:43:51","2022-04-15 13:43:51"
"Đại Học Khoa Học Xã Hội và Nhân Văn – Đại Học Quốc Gia TPHCM",'QSX',23,2,,,,"2022-04-15 13:43:51","2022-04-15 13:43:51"
"Khoa Y - Đại học Quốc Gia TPHCM",'QSY',23,2,,,,"2022-04-15 13:43:51","2022-04-15 13:43:51"
"Đại Học Quốc Tế RMIT Việt Nam",'RMU',23,2,,,,"2022-04-15 13:43:51","2022-04-15 13:43:51"
"Đại Học Sài Gòn",'SGD',23,2,,,,"2022-04-15 13:43:51","2022-04-15 13:43:51"
"Đại Học Quốc Tế Sài Gòn",'SIU',23,2,,,,"2022-04-15 13:43:51","2022-04-15 13:43:51"
"Đại Học Sư Phạm Kỹ Thuật TPHCM",'SPK',23,2,,,,"2022-04-15 13:43:51","2022-04-15 13:43:51"
"Đại Học Sư Phạm TPHCM",'SPS',23,2,,,,"2022-04-15 13:43:51","2022-04-15 13:43:51"
"Đại Học Sư Phạm Thể Dục Thể Thao TPHCM",'STS',23,2,,,,"2022-04-15 13:43:51","2022-04-15 13:43:51"
"Đại Học Thể Dục Thể Thao TPHCM",'TDS',23,2,,,,"2022-04-15 13:43:51","2022-04-15 13:43:51"
"Đại Học Thủy Lợi ( Cơ sở 2 )",'TLS',23,2,,,,"2022-04-15 13:43:51","2022-04-15 13:43:51"
"Đại Học Y Khoa Phạm Ngọc Thạch",'TYS',23,2,,,,"2022-04-15 13:43:51","2022-04-15 13:43:51"
"Đại Học Kinh Tế -Tài Chính TPHCM",'UEF',23,2,,,,"2022-04-15 13:43:51","2022-04-15 13:43:51"
"Đại Học Việt Đức",'VGU',23,2,,,,"2022-04-15 13:43:51","2022-04-15 13:43:51"
"Đại Học Văn Hóa TPHCM",'VHS',23,2,,,,"2022-04-15 13:43:51","2022-04-15 13:43:51"
"Trường Sĩ Quan Kĩ Thuật Quân Sự - Hệ Quân sự - Đại Học Trần Đại Nghĩa",'VPH',23,2,,,,"2022-04-15 13:43:51","2022-04-15 13:43:51"
"Đại Học Y Dược TPHCM",'YDS',23,2,,,,"2022-04-15 13:43:51","2022-04-15 13:43:51"
"Trường Sĩ Quan Kĩ Thuật Quân Sự - Hệ Dân sự - Đại Học Trần Đại Nghĩa",'ZPH',23,2,,,,"2022-04-15 13:43:51","2022-04-15 13:43:51"
"Cao Đẳng Bán Công Công Nghệ và Quản Trị Doanh Nghiệp",'CBC',23,1,,,,"2022-04-15 13:43:51","2022-04-15 13:43:51"
"Cao Đẳng Bách Việt",'CBV',23,1,,,,"2022-04-15 13:43:51","2022-04-15 13:43:51"
"Cao Đẳng Công Nghệ Thủ Đức",'CCO',23,1,,,,"2022-04-15 13:43:51","2022-04-15 13:43:51"
"Cao Đẳng Kinh Tế Kỹ Thuật Vinatex TPHCM",'CCS',23,1,,,,"2022-04-15 13:43:51","2022-04-15 13:43:51"
"Cao Đẳng Điện Lực TPHCM",'CDE',23,1,,,,"2022-04-15 13:43:51","2022-04-15 13:43:51"
"Cao Đẳng Viễn Đông",'CDV',23,1,,,,"2022-04-15 13:43:51","2022-04-15 13:43:51"
"Cao Đẳng Kinh Tế TPHCM",'CEP',23,1,,,,"2022-04-15 13:43:51","2022-04-15 13:43:51"
"Cao Đẳng Công Thương TPHCM",'CES',23,1,,,,"2022-04-15 13:43:51","2022-04-15 13:43:51"
"Cao Đẳng Kinh Tế-Công Nghệ TPHCM",'CET',23,1,,,,"2022-04-15 13:43:51","2022-04-15 13:43:51"
"Cao Đẳng Giao Thông Vận Tải 3",'CGS',23,1,,,,"2022-04-15 13:43:51","2022-04-15 13:43:51"
"Cao Đẳng Giao Thông Vận Tải TPHCM",'CGT',23,1,,,,"2022-04-15 13:43:51","2022-04-15 13:43:51"
"Cao Đẳng Kỹ Thuật Cao Thắng",'CKC',23,1,,,,"2022-04-15 13:43:51","2022-04-15 13:43:51"
"Cao Đẳng Kinh Tế Đối Ngoại",'CKD',23,1,,,,"2022-04-15 13:43:51","2022-04-15 13:43:51"
"Cao Đẳng Kinh Tế Kỹ Thuật Miền Nam",'CKM',23,1,,,,"2022-04-15 13:43:51","2022-04-15 13:43:51"
"Cao Đẳng Kỹ Thuật Lý Tự Trọng TPHCM",'CKP',23,1,,,,"2022-04-15 13:43:51","2022-04-15 13:43:51"
"Cao Đẳng Sư Phạm Trung Ương TPHCM",'CM3',23,1,,,,"2022-04-15 13:43:51","2022-04-15 13:43:51"
"Cao Đẳng Kinh Tế Kỹ Thuật TP HCM",'CPL',23,1,,,,"2022-04-15 13:43:51","2022-04-15 13:43:51"
"Cao Đẳng Phát Thanh Truyền Hình II",'CPS',23,1,,,,"2022-04-15 13:43:51","2022-04-15 13:43:51"
"Cao Đẳng Tài Chính Hải Quan",'CTS',23,1,,,,"2022-04-15 13:43:51","2022-04-15 13:43:51"
"Cao Đẳng Văn Hóa Nghệ Thuật TPHCM",'CVN',23,1,,,,"2022-04-15 13:43:51","2022-04-15 13:43:51"
"Cao Đẳng Văn Hóa Nghệ Thuật và Du Lịch Sài Gòn",'CVS',23,1,,,,"2022-04-15 13:43:51","2022-04-15 13:43:51"
"Cao Đẳng Kỹ Thuật-Công Nghệ Vạn Xuân",'CVX',23,1,,,,"2022-04-15 13:43:51","2022-04-15 13:43:51"
"Cao Đẳng Xây Dựng Số 2",'CXS',23,1,,,,"2022-04-15 13:43:51","2022-04-15 13:43:51"
"Cao Đẳng Sư Phạm Hòa Bình",'C23',8,1,,,,"2022-04-15 13:43:51","2022-04-15 13:43:51"
"Cao Đẳng Văn Hóa Nghệ Thuật Tây Bắc",'CVB',8,1,,,,"2022-04-15 13:43:51","2022-04-15 13:43:51"
"Đại học Luật - Đại Học Huế",'DHA',7,2,,,,"2022-04-15 13:43:51","2022-04-15 13:43:51"
"Khoa Giáo Dục Thể Chất – Đại Học Huế",'DHC',7,2,,,,"2022-04-15 13:43:51","2022-04-15 13:43:51"
"Trường Du Lịch – Đại Học Huế",'DHD',7,2,,,,"2022-04-15 13:43:51","2022-04-15 13:43:51"
"Khoa Kỹ thuật và Công nghệ - ĐH Huế",'DHE',7,2,,,,"2022-04-15 13:43:51","2022-04-15 13:43:51"
"Đại Học Ngoại Ngữ – Đại Học Huế",'DHF',7,2,,,,"2022-04-15 13:43:51","2022-04-15 13:43:51"
"Khoa Quốc tế - ĐH Huế",'DHI',7,2,,,,"2022-04-15 13:43:51","2022-04-15 13:43:51"
"Đại Học Kinh Tế – Đại Học Huế",'DHK',7,2,,,,"2022-04-15 13:43:51","2022-04-15 13:43:51"
"Đại Học Nông Lâm – Đại Học Huế",'DHL',7,2,,,,"2022-04-15 13:43:51","2022-04-15 13:43:51"
"Đại Học Nghệ Thuật – Đại Học Huế",'DHN',7,2,,,,"2022-04-15 13:43:51","2022-04-15 13:43:51"
"Phân Hiệu Đại Học Huế tại Quảng Trị",'DHQ',7,2,,,,"2022-04-15 13:43:51","2022-04-15 13:43:51"
"Đại Học Sư Phạm – Đại Học Huế",'DHS',7,2,,,,"2022-04-15 13:43:51","2022-04-15 13:43:51"
"Đại Học Khoa Học – Đại Học Huế",'DHT',7,2,,,,"2022-04-15 13:43:51","2022-04-15 13:43:51"
"Đại Học Y Dược – Đại Học Huế",'DHY',7,2,,,,"2022-04-15 13:43:51","2022-04-15 13:43:51"
"Đại Học Phú Xuân",'DPX',7,2,,,,"2022-04-15 13:43:51","2022-04-15 13:43:51"
"Học Viện Âm Nhạc Huế",'HVA',7,2,,,,"2022-04-15 13:43:51","2022-04-15 13:43:51"
"Cao Đẳng Sư Phạm Thừa Thiên Huế",'C33',7,1,,,,"2022-04-15 13:43:51","2022-04-15 13:43:51"
"Cao Đẳng Công Nghiệp Huế",'CCH',7,1,,,,"2022-04-15 13:43:51","2022-04-15 13:43:51"
"Cao Đẳng Y Tế Huế",'CYY',7,1,,,,"2022-04-15 13:43:51","2022-04-15 13:43:51"
"Đại Học Chu Văn An",'DCA',5,2,,,,"2022-04-15 13:43:51","2022-04-15 13:43:51"
"Đại học Tài Chính – Quản Trị Kinh Doanh",'DFA',5,2,,,,"2022-04-15 13:43:51","2022-04-15 13:43:51"
"Đại Học Sư Phạm Kỹ Thuật Hưng Yên",'SKH',5,2,,,,"2022-04-15 13:43:51","2022-04-15 13:43:51"
"Cao Đẳng Sư Phạm Hưng Yên",'C22',5,1,,,,"2022-04-15 13:43:51","2022-04-15 13:43:51"
"Cao Đẳng Bách Khoa Hưng Yên",'CBK',5,1,,,,"2022-04-15 13:43:51","2022-04-15 13:43:51"
"Cao Đẳng Công Nghiệp Hưng Yên",'CCY',5,1,,,,"2022-04-15 13:43:51","2022-04-15 13:43:51"
"Cao Đẳng Y Tế Hưng Yên",'CHY',5,1,,,,"2022-04-15 13:43:51","2022-04-15 13:43:51"
"Cao Đẳng Asean",'CSA',5,1,,,,"2022-04-15 13:43:51","2022-04-15 13:43:51"
"Học Viện Hải Quân",'HQH',32,2,,,,"2022-04-15 13:43:51","2022-04-15 13:43:51"
"Trường Sĩ Quan Không Quân - Hệ Cao đẳng",'KGC',32,2,,,,"2022-04-15 13:43:51","2022-04-15 13:43:51"
"Trường Sĩ Quan Không Quân - Hệ Đại học",'KGH',32,2,,,,"2022-04-15 13:43:51","2022-04-15 13:43:51"
"Đại Học Thái Bình Dương",'TBD',32,2,,,,"2022-04-15 13:43:51","2022-04-15 13:43:51"
"Trường Sĩ Quan Thông Tin - Hệ Dân Sự - Đại Học Thông Tin Liên Lạc",'TCU',32,2,,,,"2022-04-15 13:43:51","2022-04-15 13:43:51"
"Đại Học Nha Trang",'TSN',32,2,,,,"2022-04-15 13:43:51","2022-04-15 13:43:51"
"Trường Sĩ Quan Thông Tin - Hệ Quân sự - Đại Học Thông Tin Liên Lạc",'TTH',32,2,,,,"2022-04-15 13:43:51","2022-04-15 13:43:51"
"Cao Đẳng Sư Phạm Nha Trang",'C41',32,1,,,,"2022-04-15 13:43:51","2022-04-15 13:43:51"
"Cao Đẳng Văn Hóa Nghệ Thuật và Du Lịch Nha Trang",'CDK',32,1,,,,"2022-04-15 13:43:51","2022-04-15 13:43:51"
"Cao Đẳng Sư Phạm TW Nha Trang",'CM2',32,1,,,,"2022-04-15 13:43:51","2022-04-15 13:43:51"
"Cao Đẳng Y Tế Khánh Hòa",'CYK',32,1,,,,"2022-04-15 13:43:51","2022-04-15 13:43:51"
"Cao Đẳng Sư Phạm Kiên Giang",'C54',46,1,,,,"2022-04-15 13:43:51","2022-04-15 13:43:51"
"Cao Đẳng Kinh Tế Kỹ Thuật Kiên Giang",'CKG',46,1,,,,"2022-04-15 13:43:51","2022-04-15 13:43:51"
"Cao Đẳng Y Tế Kiên Giang",'CYG',46,1,,,,"2022-04-15 13:43:51","2022-04-15 13:43:51"
"Cao Đẳng Cộng Đồng Kiên Giang",'D54',46,1,,,,"2022-04-15 13:43:51","2022-04-15 13:43:51"
"Phân Hiệu Đại Học Đà Nẵng tại Kon Tum",'DDP',58,2,,,,"2022-04-15 13:43:51","2022-04-15 13:43:51"
"Cao Đẳng Sư Phạm Kon Tum",'C36',58,1,,,,"2022-04-15 13:43:51","2022-04-15 13:43:51"
"Cao Đẳng Kinh Tế- Kỹ Thuật Kon Tum",'CKO',58,1,,,,"2022-04-15 13:43:51","2022-04-15 13:43:51"
"Cao Đẳng Cộng Đồng Lai Châu",'CLC',1,1,,,,"2022-04-15 13:43:51","2022-04-15 13:43:51"
"Đại Học Yersin Đà Lạt",'DYD',6,2,,,,"2022-04-15 13:43:51","2022-04-15 13:43:51"
"Đại Học Đà Lạt",'TDL',6,2,,,,"2022-04-15 13:43:51","2022-04-15 13:43:51"
"Cao Đẳng Sư Phạm Đà Lạt",'C42',6,1,,,,"2022-04-15 13:43:51","2022-04-15 13:43:51"
"Cao Đẳng Công Nghệ Và Kinh Tế Bảo Lộc",'CBL',6,1,,,,"2022-04-15 13:43:51","2022-04-15 13:43:51"
"Cao Đẳng Kinh Tế Kỹ Thuật Lâm Đồng",'CKZ',6,1,,,,"2022-04-15 13:43:51","2022-04-15 13:43:51"
"Cao Đẳng Y Tế Lâm Đồng",'CLY',6,1,,,,"2022-04-15 13:43:51","2022-04-15 13:43:51"
"Cao Đẳng Sư Phạm Lạng Sơn",'C10',63,1,,,,"2022-04-15 13:43:51","2022-04-15 13:43:51"
"Cao Đẳng Y Tế Lạng Sơn",'CYL',63,1,,,,"2022-04-15 13:43:51","2022-04-15 13:43:51"
"Cao Đẳng Sư Phạm Lào Cai",'C08',9,1,,,,"2022-04-15 13:43:51","2022-04-15 13:43:51"
"Cao Đẳng Cộng Đồng Lào Cai",'CLA',9,1,,,,"2022-04-15 13:43:51","2022-04-15 13:43:51"
"Đại Học Kinh Tế Công Nghiệp Long An",'DLA',54,2,,,,"2022-04-15 13:43:51","2022-04-15 13:43:51"
"Đại học Tân Tạo",'TTU',54,2,,,,"2022-04-15 13:43:51","2022-04-15 13:43:51"
"Cao Đẳng Sư Phạm Long An",'C49',54,1,,,,"2022-04-15 13:43:51","2022-04-15 13:43:51"
"Đại Học Lương Thế Vinh",'DTV',31,2,,,,"2022-04-15 13:43:51","2022-04-15 13:43:51"
"Đại Học Sư Phạm Kỹ Thuật Nam Định",'SKN',31,2,,,,"2022-04-15 13:43:51","2022-04-15 13:43:51"
"Đại Học Điều Dưỡng Nam Định",'YDD',31,2,,,,"2022-04-15 13:43:51","2022-04-15 13:43:51"
"Cao Đẳng Sư Phạm Nam Định",'C25',31,1,,,,"2022-04-15 13:43:51","2022-04-15 13:43:51"
"Cao Đẳng Công Nghiệp Nam Định",'CND',31,1,,,,"2022-04-15 13:43:51","2022-04-15 13:43:51"
"Cao Đẳng Xây Dựng Nam Định",'CXN',31,1,,,,"2022-04-15 13:43:51","2022-04-15 13:43:51"
"Đại học Kinh Tế Nghệ An",'CEA',18,2,,,,"2022-04-15 13:43:51","2022-04-15 13:43:51"
"Đại học Công nghiệp Vinh",'DCV',18,2,,,,"2022-04-15 13:43:51","2022-04-15 13:43:51"
"Đại Học Công Nghệ Vạn Xuân",'DVX',18,2,,,,"2022-04-15 13:43:51","2022-04-15 13:43:51"
"Đại Học Sư Phạm Kỹ Thuật Vinh",'SKV',18,2,,,,"2022-04-15 13:43:51","2022-04-15 13:43:51"
"Đại Học Vinh",'TDV',18,2,,,,"2022-04-15 13:43:51","2022-04-15 13:43:51"
"Đại Học Y Khoa Vinh",'YKV',18,2,,,,"2022-04-15 13:43:51","2022-04-15 13:43:51"
"Cao Đẳng Sư Phạm Nghệ An",'C29',18,1,,,,"2022-04-15 13:43:51","2022-04-15 13:43:51"
"Cao Đẳng Giao Thông Vận Tải Miền Trung",'CGN',18,1,,,,"2022-04-15 13:43:51","2022-04-15 13:43:51"
"Cao Đẳng Hoan Châu",'CNA',18,1,,,,"2022-04-15 13:43:51","2022-04-15 13:43:51"
"Cao Đẳng Văn Hóa Nghệ Thuật Nghệ An",'CVV',18,1,,,,"2022-04-15 13:43:51","2022-04-15 13:43:51"
"Đại Học Hoa Lư",'DNB',16,2,,,,"2022-04-15 13:43:51","2022-04-15 13:43:51"
"Cao Đẳng Y Tế Ninh Bình",'CNY',16,1,,,,"2022-04-15 13:43:51","2022-04-15 13:43:51"
"Cao Đẳng Sư Phạm Ninh Thuận",'C45',55,1,,,,"2022-04-15 13:43:51","2022-04-15 13:43:51"
"Đại Học Hùng Vương",'THV',47,2,,,,"2022-04-15 13:43:51","2022-04-15 13:43:51"
"Đại Học Công Nghiệp Việt Trì",'VUI',47,2,,,,"2022-04-15 13:43:51","2022-04-15 13:43:51"
"Cao Đẳng Công Nghiệp Hóa Chất",'CCA',47,1,,,,"2022-04-15 13:43:51","2022-04-15 13:43:51"
"Cao Đẳng Dược Phú Thọ",'CDU',47,1,,,,"2022-04-15 13:43:51","2022-04-15 13:43:51"
"Cao Đẳng Kinh Tế Kỹ Thuật Phú Thọ",'CPP',47,1,,,,"2022-04-15 13:43:51","2022-04-15 13:43:51"
"Cao Đẳng Công Nghiệp Thực Phẩm",'CTP',47,1,,,,"2022-04-15 13:43:51","2022-04-15 13:43:51"
"Cao Đẳng Y Tế Phú Thọ",'CYP',47,1,,,,"2022-04-15 13:43:51","2022-04-15 13:43:51"
"Cao Đẳng Công Nghiệp Quốc Phòng",'QPH',47,1,,,,"2022-04-15 13:43:51","2022-04-15 13:43:51"
"Đại Học Phú Yên",'DPY',3,2,,,,"2022-04-15 13:43:51","2022-04-15 13:43:51"
"Học Viên Ngân Hàng ( Phân Viện Phú Yên )",'NHP',3,2,,,,"2022-04-15 13:43:51","2022-04-15 13:43:51"
"Đại Học Xây Dựng Miền Trung",'XDT',3,2,,,,"2022-04-15 13:43:51","2022-04-15 13:43:51"
"Cao Đẳng Công Nghiệp Tuy Hòa",'CCP',3,1,,,,"2022-04-15 13:43:51","2022-04-15 13:43:51"
"Đại Học Quảng Bình",'DQB',37,2,,,,"2022-04-15 13:43:51","2022-04-15 13:43:51"
"Đại Học Phan Châu Trinh",'DPC',13,2,,,,"2022-04-15 13:43:51","2022-04-15 13:43:51"
"Đại Học Quảng Nam",'DQU',13,2,,,,"2022-04-15 13:43:51","2022-04-15 13:43:51"
"Cao Đẳng Công Kỹ Nghệ Đông Á",'CDQ',13,1,,,,"2022-04-15 13:43:51","2022-04-15 13:43:51"
"Cao Đẳng Công Nghệ Kinh Tế Và Thủy Lợi Miền Trung",'CEM',13,1,,,,"2022-04-15 13:43:51","2022-04-15 13:43:51"
"Cao Đẳng Kinh Tế – Kỹ Thuật Quảng Nam",'CKQ',13,1,,,,"2022-04-15 13:43:51","2022-04-15 13:43:51"
"Cao Đẳng Điện Lực Miền Trung",'CLD',13,1,,,,"2022-04-15 13:43:51","2022-04-15 13:43:51"
"Cao Đẳng Phương Đông -Quảng Nam",'CPD',13,1,,,,"2022-04-15 13:43:51","2022-04-15 13:43:51"
"Cao Đẳng Y Tế Quảng Nam",'CYU',13,1,,,,"2022-04-15 13:43:51","2022-04-15 13:43:51"
"Đại Học Phạm Văn Đồng",'DPQ',40,2,,,,"2022-04-15 13:43:51","2022-04-15 13:43:51"
"Đại học Tài Chính Kế Toán",'UFA',40,2,,,,"2022-04-15 13:43:51","2022-04-15 13:43:51"
"Cao Đẳng Kỹ Thuật Công Nghiệp Quảng Ngãi",'CCQ',40,1,,,,"2022-04-15 13:43:51","2022-04-15 13:43:51"
"Đại Học Công Nghiệp Quảng Ninh",'DDM',36,2,,,,"2022-04-15 13:43:51","2022-04-15 13:43:51"
"Đại Học Ngoại Thương ( Cơ sở phía Bắc )",'NTH',36,2,,,,"2022-04-15 13:43:51","2022-04-15 13:43:51"
"Cao Đẳng Sư Phạm Quảng Ninh",'C17',36,1,,,,"2022-04-15 13:43:51","2022-04-15 13:43:51"
"Cao Đẳng Công Nghiệp Cẩm Phả",'CCC',36,1,,,,"2022-04-15 13:43:51","2022-04-15 13:43:51"
"Cao Đẳng Công Nghiệp và Xây Dựng",'CCX',36,1,,,,"2022-04-15 13:43:51","2022-04-15 13:43:51"
"Cao Đẳng Nông Lâm Đông Bắc",'CDP',36,1,,,,"2022-04-15 13:43:51","2022-04-15 13:43:51"
"Cao Đẳng Văn Hóa Nghệ Thuật và Du Lịch Hạ Long",'CVD',36,1,,,,"2022-04-15 13:43:51","2022-04-15 13:43:51"
"Cao Đẳng Y Tế Quảng Ninh",'CYQ',36,1,,,,"2022-04-15 13:43:51","2022-04-15 13:43:51"
"Cao Đẳng Sư Phạm Quảng Trị",'C32',2,1,,,,"2022-04-15 13:43:51","2022-04-15 13:43:51"
"Cao Đẳng Sư Phạm Sóc Trăng",'C59',45,1,,,,"2022-04-15 13:43:51","2022-04-15 13:43:51"
"Cao Đẳng Cộng Đồng Sóc Trăng",'CST',45,1,,,,"2022-04-15 13:43:51","2022-04-15 13:43:51"
"Đại Học Tây Bắc",'TTB',21,2,,,,"2022-04-15 13:43:51","2022-04-15 13:43:51"
"Cao Đẳng Sơn La",'C14',21,1,,,,"2022-04-15 13:43:51","2022-04-15 13:43:51"
"Cao Đẳng Y Tế Sơn La",'YSL',21,1,,,,"2022-04-15 13:43:51","2022-04-15 13:43:51"
"Cao Đẳng Sư Phạm Tây Ninh",'C46',17,1,,,,"2022-04-15 13:43:51","2022-04-15 13:43:51"
"Đại Học Thái Bình",'DTB',14,2,,,,"2022-04-15 13:43:51","2022-04-15 13:43:51"
"Đại Học Y Dược Thái Bình",'YTB',14,2,,,,"2022-04-15 13:43:51","2022-04-15 13:43:51"
"Cao Đẳng Sư Phạm Thái Bình",'C26',14,1,,,,"2022-04-15 13:43:51","2022-04-15 13:43:51"
"Cao Đẳng Văn Hóa Nghệ Thuật Thái Bình",'CNB',14,1,,,,"2022-04-15 13:43:51","2022-04-15 13:43:51"
"Cao Đẳng Y Tế Thái Bình",'CYE',14,1,,,,"2022-04-15 13:43:51","2022-04-15 13:43:51"
"Đại học Công Nghệ Thông Tin và Truyền Thông – Đại Học Thái Nguyên",'DTC',11,2,,,,"2022-04-15 13:43:51","2022-04-15 13:43:51"
"Đại Học Kinh Tế & Quản Trị Kinh Doanh - Đại Học Thái Nguyên",'DTE',11,2,,,,"2022-04-15 13:43:51","2022-04-15 13:43:51"
"Trường Ngoại Ngữ – Đại Học Thái Nguyên",'DTF',11,2,,,,"2022-04-15 13:43:51","2022-04-15 13:43:51"
"Đại Học Kỹ Thuật Công Nghiệp – Đại Học Thái Nguyên",'DTK',11,2,,,,"2022-04-15 13:43:51","2022-04-15 13:43:51"
"Đại Học Nông Lâm – Đại Học Thái Nguyên",'DTN',11,2,,,,"2022-04-15 13:43:51","2022-04-15 13:43:51"
"Khoa Quốc Tế - Đại Học Thái Nguyên",'DTQ',11,2,,,,"2022-04-15 13:43:51","2022-04-15 13:43:51"
"ĐạiHọc Sư Phạm – Đại Học Thái Nguyên",'DTS',11,2,,,,"2022-04-15 13:43:51","2022-04-15 13:43:51"
"Đại Học Y Dược – Đại Học Thái Nguyên",'DTY',11,2,,,,"2022-04-15 13:43:51","2022-04-15 13:43:51"
"Đại Học Khoa Học – Đại Học Thái Nguyên",'DTZ',11,2,,,,"2022-04-15 13:43:51","2022-04-15 13:43:51"
"Đại Học Việt Bắc",'DVB',11,2,,,,"2022-04-15 13:43:51","2022-04-15 13:43:51"
"Cao Đẳng Sư Phạm Thái Nguyên",'C12',11,1,,,,"2022-04-15 13:43:51","2022-04-15 13:43:51"
"Cao Đẳng Công Nghiệp Thái Nguyên",'CCB',11,1,,,,"2022-04-15 13:43:51","2022-04-15 13:43:51"
"Cao Đẳng Công Nghiệp Việt Đức",'CCV',11,1,,,,"2022-04-15 13:43:51","2022-04-15 13:43:51"
"Cao Đẳng Cơ Khí Luyện Kim",'CKL',11,1,,,,"2022-04-15 13:43:51","2022-04-15 13:43:51"
"Cao Đẳng Kinh Tế – Tài Chính Thái Nguyên",'CKT',11,1,,,,"2022-04-15 13:43:51","2022-04-15 13:43:51"
"Cao Đẳng Văn Hóa Nghệ Thuật Việt Bắc",'CNV',11,1,,,,"2022-04-15 13:43:51","2022-04-15 13:43:51"
"Cao Đẳng Thương Mại và Du Lịch",'CTM',11,1,,,,"2022-04-15 13:43:51","2022-04-15 13:43:51"
"Cao Đẳng Công Nghệ và Kinh Tế Công Nghiệp",'CXD',11,1,,,,"2022-04-15 13:43:51","2022-04-15 13:43:51"
"Cao Đẳng Y Tế Thái Nguyên",'CYI',11,1,,,,"2022-04-15 13:43:51","2022-04-15 13:43:51"
"Cao Đẳng Kinh Tế – Kỹ Thuật – Đại Học Thái Nguyên",'DTU',11,1,,,,"2022-04-15 13:43:51","2022-04-15 13:43:51"
"Đại Học Văn Hóa, Thể Thao Và Du Lịch Thanh Hóa",'DVD',38,2,,,,"2022-04-15 13:43:51","2022-04-15 13:43:51"
"Đại Học Hồng Đức",'HDT',38,2,,,,"2022-04-15 13:43:51","2022-04-15 13:43:51"
"Cao Đẳng Tài Nguyên và Môi Trường Miền Trung",'CMM',38,1,,,,"2022-04-15 13:43:51","2022-04-15 13:43:51"
"Cao Đẳng Thể DụcThể ThaoThanh Hóa",'CTO',38,1,,,,"2022-04-15 13:43:51","2022-04-15 13:43:51"
"Cao Đẳng Y Tế Thanh Hóa",'CYT',38,1,,,,"2022-04-15 13:43:51","2022-04-15 13:43:51"
"Đại Học Tiền Giang",'TTG',41,2,,,,"2022-04-15 13:43:51","2022-04-15 13:43:51"
"Cao Đẳng Nông Nghiệp Nam Bộ",'CNN',41,1,,,,"2022-04-15 13:43:51","2022-04-15 13:43:51"
"Cao Đẳng Y Tế Tiền Giang",'CYV',41,1,,,,"2022-04-15 13:43:51","2022-04-15 13:43:51"
"Đại Học Trà Vinh",'DVT',27,2,,,,"2022-04-15 13:43:51","2022-04-15 13:43:51"
"Cao Đẳng Y Tế Trà Vinh",'YTV',27,1,,,,"2022-04-15 13:43:51","2022-04-15 13:43:51"
"Đại học Tân Trào",'TQU',62,2,,,,"2022-04-15 13:43:51","2022-04-15 13:43:51"
"Cao Đẳng Sư Phạm Tuyên Quang",'C09',62,1,,,,"2022-04-15 13:43:51","2022-04-15 13:43:51"
"Đại Học Cửu Long",'DCL',39,2,,,,"2022-04-15 13:43:51","2022-04-15 13:43:51"
"Đại học Kinh Tế TPHCM - Phân hiệu Vĩnh Long",'KSV',39,2,,,,"2022-04-15 13:43:51","2022-04-15 13:43:51"
"Đại Học Xây Dựng Miền Tây",'MTU',39,2,,,,"2022-04-15 13:43:51","2022-04-15 13:43:51"
"Đại Học Sư Phạm Kỹ Thuật Vĩnh Long",'VLU',39,2,,,,"2022-04-15 13:43:51","2022-04-15 13:43:51"
"Cao Đẳng Sư Phạm Vĩnh Long",'C57',39,1,,,,"2022-04-15 13:43:51","2022-04-15 13:43:51"
"Cao Đẳng Kinh Tế – Tài Chính Vĩnh Long",'CKV',39,1,,,,"2022-04-15 13:43:51","2022-04-15 13:43:51"
"Cao Đẳng Cộng Đồng Vĩnh Long",'D57',39,1,,,,"2022-04-15 13:43:51","2022-04-15 13:43:51"
"Đại Học Trưng Vương",'DVP',60,2,,,,"2022-04-15 13:43:51","2022-04-15 13:43:51"
"Đại Học Sư Phạm Hà Nội 2",'SP2',60,2,,,,"2022-04-15 13:43:51","2022-04-15 13:43:51"
"Trường SĩQuan Tăng – Thiết Giáp",'TGH',60,2,,,,"2022-04-15 13:43:51","2022-04-15 13:43:51"
"Cao Đẳng Sư Phạm Vĩnh Phúc",'C16',60,1,,,,"2022-04-15 13:43:51","2022-04-15 13:43:51"
"Cao Đẳng Kinh Tế Kỹ Thuật Vĩnh Phúc",'CKA',60,1,,,,"2022-04-15 13:43:51","2022-04-15 13:43:51"
"Cao Đẳng Công Nghiệp Phúc Yên",'CPY',60,1,,,,"2022-04-15 13:43:51","2022-04-15 13:43:51"
"Cao Đẳng Sư Phạm Yên Bái",'C13',22,1,,,,"2022-04-15 13:43:51","2022-04-15 13:43:51"
"Cao Đẳng Văn Hóa Nghệ Thuật Du Lịch Yên Bái",'CVY',22,1,,,,"2022-04-15 13:43:51","2022-04-15 13:43:51"
